Section ID,Age,Diet,Section,Treatment,Mucin Area (Pos),Epithelium Area (Neg),Ratio,Average Ratios
OC1C_DC_1,Old,Control,Distal Colon,Control,36972652309,323387290052.1,0.11432933,0.101727476
OC1C_DC_2,Old,Control,Distal Colon,Control,35108016701.4,363698309340.3,0.096530602,
OC1C_DC_3,Old,Control,Distal Colon,Control,33112052951.4,291572837552.1,0.113563572,
OC1C_DC_4,Old,Control,Distal Colon,Control,33640165694.4,407826805312.5,0.082486402,
OC2C_DC_1,Old,Control,Distal Colon,Control,89226132031.2,474505659409.7,0.188040185,0.165645057
OC2C_DC_2,Old,Control,Distal Colon,Control,87682676336.8,465587946510.4,0.188326775,
OC2C_DC_3,Old,Control,Distal Colon,Control,60456308298.6,393880260625,0.153489053,
OC2C_DC_4,Old,Control,Distal Colon,Control,70378443472.2,530260756232.6,0.132724217,
OC5C_DC_1,Old,Control,Distal Colon,Control,142545917864.6,365823641111.1,0.389657479,0.395275877
OC5C_DC_2,Old,Control,Distal Colon,Control,120464868836.8,298063359965.3,0.404158595,
OC5C_DC_3,Old,Control,Distal Colon,Control,111640961753.5,284789977013.9,0.392011555,
OC6C_DC_1,Old,Control,Distal Colon,Control,47497664861.1,475976870625,0.099789859,0.108618079
OC6C_DC_2,Old,Control,Distal Colon,Control,32550898159.7,339883112795.1,0.09577086,
OC6C_DC_3,Old,Control,Distal Colon,Control,48090741631.9,410957959444.4,0.117021074,
OC6C_DC_4,Old,Control,Distal Colon,Control,56508903559,463603743489.6,0.121890525,
OC6C_DUO_1,Old,Control,Duodenum,Control,3152155434,370723384895.8,0.008502715,0.009932686
OC6C_DUO_2,Old,Control,Duodenum,Control,2970704184,393451554045.1,0.007550368,
OC6C_DUO_3,Old,Control,Duodenum,Control,4024409513.9,313274743072.9,0.012846262,
OC6C_DUO_4,Old,Control,Duodenum,Control,3525138559,325455498281.2,0.0108314,
OC6C_ILE_1,Old,Control,Ileum,Control,14274165000,428317915763.9,0.033326098,0.035141715
OC6C_ILE_2,Old,Control,Ileum,Control,11502553159.7,367908370364.6,0.031264723,
OC6C_ILE_3,Old,Control,Ileum,Control,14611585920.1,409896693645.8,0.035646996,
OC6C_ILE_4,Old,Control,Ileum,Control,17591250659.7,436193124027.8,0.040329042,
OC6C_JEJ_1,Old,Control,Jejunum,Control,11920059045.1,392354726041.7,0.030380822,0.032029161
OC6C_JEJ_2,Old,Control,Jejunum,Control,8340877135.4,384112695034.7,0.021714661,
OC6C_JEJ_3,Old,Control,Jejunum,Control,16326412239.6,407441501423.6,0.040070568,
OC6C_JEJ_4,Old,Control,Jejunum,Control,15635889427.1,434927165538.2,0.035950593,
OC6C_PC_1,Old,Control,Proximal Colon,Control,47285971736.1,343402651006.9,0.137698331,0.134268977
OC6C_PC_2,Old,Control,Proximal Colon,Control,43519738229.2,335748936475.7,0.129619884,
OC6C_PC_3,Old,Control,Proximal Colon,Control,45677552013.9,341146271111.1,0.133894332,
OC6C_PC_4,Old,Control,Proximal Colon,Control,51355464045.1,377993475642.4,0.135863361,
OC7C_DC_1,Old,Control,Distal Colon,Control,60615078142.4,308255151857.6,0.196639303,0.198717834
OC7C_DC_2,Old,Control,Distal Colon,Control,75113257031.2,398267012604.2,0.188600247,
OC7C_DC_3,Old,Control,Distal Colon,Control,42548077986.1,242702247569.4,0.175309781,
OC7C_DC_4,Old,Control,Distal Colon,Control,57010694670.1,243300644670.1,0.234322004,
OC7C_DUO_1,Old,Control,Duodenum,Control,4703451614.6,287882208732.6,0.016338111,0.013989357
OC7C_DUO_2,Old,Control,Duodenum,Control,6250267517.4,380010720711.8,0.016447608,
OC7C_DUO_3,Old,Control,Duodenum,Control,5283647586.8,360396904652.8,0.014660635,
OC7C_DUO_4,Old,Control,Duodenum,Control,3573861579.9,419907314305.6,0.008511072,
OC7C_ILE_1,Old,Control,Ileum,Control,9603195399.3,354733553524.3,0.027071573,0.027870154
OC7C_ILE_2,Old,Control,Ileum,Control,9958537430.6,358783724635.4,0.02775638,
OC7C_ILE_3,Old,Control,Ileum,Control,10053183298.6,263917482916.7,0.038092146,
OC7C_ILE_4,Old,Control,Ileum,Control,6975792500,375840422152.8,0.018560517,
OC7C_JEJ_1,Old,Control,Jejunum,Control,5252845677.1,370730385329.9,0.014168911,0.018423961
OC7C_JEJ_2,Old,Control,Jejunum,Control,6412957604.2,396258168055.6,0.016183787,
OC7C_JEJ_3,Old,Control,Jejunum,Control,7721198715.3,335574765677.1,0.023008878,
OC7C_JEJ_4,Old,Control,Jejunum,Control,6985313090.3,343524178541.7,0.020334269,
OC7C_PC_1,Old,Control,Proximal Colon,Control,46515363958.3,449985099131.9,0.103370898,0.094453509
OC7C_PC_2,Old,Control,Proximal Colon,Control,40298418506.9,519435565069.4,0.077581169,
OC7C_PC_3,Old,Control,Proximal Colon,Control,32231118333.3,340527992777.8,0.094650422,
OC7C_PC_4,Old,Control,Proximal Colon,Control,37339195034.7,365312889444.4,0.102211546,
OG1C_DC_1,Old,GOS,Distal Colon,Control,49358940260.4,361890797274.3,0.136391808,0.142667397
OG1C_DC_2,Old,GOS,Distal Colon,Control,47609951822.9,328828027378.5,0.144786782,
OG1C_DC_3,Old,GOS,Distal Colon,Control,77695297118.1,530416165868.1,0.146479881,
OG1C_DC_4,Old,GOS,Distal Colon,Control,74790957048.6,522973024392.4,0.143011118,
OG2C_DC_1,Old,GOS,Distal Colon,Control,57623932691,341039304479.2,0.168965664,0.177861593
OG2C_DC_2,Old,GOS,Distal Colon,Control,51392426336.8,297359116302.1,0.172829496,
OG2C_DC_3,Old,GOS,Distal Colon,Control,55396674600.7,305276887204.9,0.181463704,
OG2C_DC_4,Old,GOS,Distal Colon,Control,56628190954.9,300913656684,0.188187507,
OG3C_DC_1,Old,GOS,Distal Colon,Control,56485662118.1,470743626163.2,0.11999241,0.127699698
OG3C_DC_2,Old,GOS,Distal Colon,Control,64987549236.1,511246737361.1,0.127115822,
OG3C_DC_3,Old,GOS,Distal Colon,Control,55100976267.4,422923101284.7,0.13028604,
OG3C_DC_4,Old,GOS,Distal Colon,Control,55657650781.2,417209627048.6,0.133404522,
OG4C_DC_1,Old,GOS,Distal Colon,Control,24874222204.9,308912632621.5,0.080521868,0.082474106
OG4C_DC_2,Old,GOS,Distal Colon,Control,28713820260.4,342010684704.9,0.083955916,
OG4C_DC_3,Old,GOS,Distal Colon,Control,29300176614.6,347036716319.4,0.084429616,
OG4C_DC_4,Old,GOS,Distal Colon,Control,25874164201.4,319477407638.9,0.080989026,
OG5C_DC_1,Old,GOS,Distal Colon,Control,246844544392.4,427280171423.6,0.577711209,0.61323034
OG5C_DC_2,Old,GOS,Distal Colon,Control,324737253750,545405775225.7,0.595404868,
OG5C_DC_3,Old,GOS,Distal Colon,Control,267255289861.1,400938098211.8,0.666574943,
OG6C_DC_1,Old,GOS,Distal Colon,Control,47291292066,484702771631.9,0.097567612,0.109413738
OG6C_DC_2,Old,GOS,Distal Colon,Control,54346889513.9,542270420833.3,0.10022101,
OG6C_DC_3,Old,GOS,Distal Colon,Control,62952943090.3,530181511319.4,0.118738473,
OG6C_DC_4,Old,GOS,Distal Colon,Control,61817752708.3,510351241840.3,0.121127858,
OG6C_DUO_1,Old,GOS,Duodenum,Control,2961743628.5,510437207170.1,0.005802366,0.008814178
OG6C_DUO_2,Old,GOS,Duodenum,Control,4524520520.8,577979634809,0.007828166,
OG6C_DUO_3,Old,GOS,Duodenum,Control,6731337343.7,536033594149.3,0.012557678,
OG6C_DUO_4,Old,GOS,Duodenum,Control,5177521006.9,570934678020.8,0.0090685,
OG6C_ILE_1,Old,GOS,Ileum,Control,4166658333.3,371737047743.1,0.011208617,0.030506223
OG6C_ILE_2,Old,GOS,Ileum,Control,5966329913.2,357007854531.2,0.016712041,
OG6C_ILE_3,Old,GOS,Ileum,Control,4140896736.1,65110476857.6,0.06359801,
OG6C_JEJ_1,Old,GOS,Jejunum,Control,11972982326.4,486999194010.4,0.02458522,0.035195413
OG6C_JEJ_2,Old,GOS,Jejunum,Control,10192631944.4,486983513038.2,0.020930138,
OG6C_JEJ_3,Old,GOS,Jejunum,Control,13283463576.4,379949956944.4,0.034961087,
OG6C_JEJ_4,Old,GOS,Jejunum,Control,25844762378.5,428566011145.8,0.060305208,
OG6C_PC_1,Old,GOS,Proximal Colon,Control,60323300052.1,506726697118.1,0.11904504,0.120254636
OG6C_PC_2,Old,GOS,Proximal Colon,Control,49244133142.4,421213875312.5,0.116910045,
OG6C_PC_3,Old,GOS,Proximal Colon,Control,55058693645.8,464306027031.2,0.118582767,
OG6C_PC_4,Old,GOS,Proximal Colon,Control,55468359045.1,438551990277.8,0.126480692,
OG7C_DC_1,Old,GOS,Distal Colon,Control,111129090017.4,416199324409.7,0.267009299,0.250598292
OG7C_DC_2,Old,GOS,Distal Colon,Control,119570773402.8,491425428437.5,0.243314176,
OG7C_DC_3,Old,GOS,Distal Colon,Control,110453968159.7,440601437343.7,0.250689078,
OG7C_DC_4,Old,GOS,Distal Colon,Control,96688314687.5,400563715000,0.241380612,
OG7C_DUO_1,Old,GOS,Duodenum,Control,3169516510.4,310838031996.5,0.010196682,0.009770015
OG7C_DUO_2,Old,GOS,Duodenum,Control,3725630989.6,284070332395.8,0.013115171,
OG7C_DUO_3,Old,GOS,Duodenum,Control,2851136770.8,305890405243.1,0.009320779,
OG7C_DUO_4,Old,GOS,Duodenum,Control,1575937708.3,244428834618.1,0.00644743,
OG7C_ILE_1,Old,GOS,Ileum,Control,96668993489.6,419270274809,0.230564863,0.225047453
OG7C_ILE_2,Old,GOS,Ileum,Control,82828015347.2,396284489687.5,0.209011499,
OG7C_ILE_3,Old,GOS,Ileum,Control,138176246944.4,548709140034.7,0.251820567,
OG7C_ILE_4,Old,GOS,Ileum,Control,91824133107.6,439785746770.8,0.208792881,
OG7C_JEJ_1,Old,GOS,Jejunum,Control,47532387013.9,439893273437.5,0.108054362,0.099563835
OG7C_JEJ_2,Old,GOS,Jejunum,Control,47469943142.4,407097640104.2,0.116605793,
OG7C_JEJ_3,Old,GOS,Jejunum,Control,48781264444.4,440565875138.9,0.11072411,
OG7C_JEJ_4,Old,GOS,Jejunum,Control,25144998993.1,399945436666.7,0.062871074,
OG7C_PC_1,Old,GOS,Proximal Colon,Control,138718360555.6,425908366371.5,0.325700013,0.276635769
OG7C_PC_2,Old,GOS,Proximal Colon,Control,126847024531.2,466181583316,0.272097889,
OG7C_PC_3,Old,GOS,Proximal Colon,Control,103676707968.8,442137052552.1,0.234489979,
OG7C_PC_4,Old,GOS,Proximal Colon,Control,120532353020.8,439489768420.1,0.274255197,
OH1C_DC_1,Old,hGOS,Distal Colon,Control,37483123958.3,314753794774.3,0.119087123,0.121554072
OH1C_DC_2,Old,hGOS,Distal Colon,Control,52262440277.8,354558822691,0.147401325,
OH1C_DC_3,Old,hGOS,Distal Colon,Control,42802613767.4,368608413767.4,0.11611947,
OH1C_DC_4,Old,hGOS,Distal Colon,Control,32113511041.7,309950936996.5,0.103608369,
OH2C_DC_1,Old,hGOS,Distal Colon,Control,17379837552.1,116379415538.2,0.149337728,0.147690131
OH2C_DC_2,Old,hGOS,Distal Colon,Control,60858413229.2,393586802430.6,0.154625137,
OH2C_DC_3,Old,hGOS,Distal Colon,Control,67465422864.6,453065850138.9,0.148908647,
OH2C_DC_4,Old,hGOS,Distal Colon,Control,56238966822.9,407856767170.1,0.137889012,
OH3C_DC_1,Old,hGOS,Distal Colon,Control,38977576614.6,243643665937.5,0.159977796,0.152845506
OH3C_DC_2,Old,hGOS,Distal Colon,Control,63808116111.1,395930827760.4,0.161159757,
OH3C_DC_3,Old,hGOS,Distal Colon,Control,63315005538.2,450011980798.6,0.140696266,
OH3C_DC_4,Old,hGOS,Distal Colon,Control,58829127413.2,393379029548.6,0.149548204,
OH5C_DC_1,Old,hGOS,Distal Colon,Control,58969136093.7,463629785104.2,0.127190137,0.122571483
OH5C_DC_2,Old,hGOS,Distal Colon,Control,48222349791.7,382935222031.2,0.125928217,
OH5C_DC_3,Old,hGOS,Distal Colon,Control,59656018680.6,490626818923.6,0.121591434,
OH5C_DC_4,Old,hGOS,Distal Colon,Control,59095143906.2,511309181232.6,0.115576145,
OH5C_DUO_1,Old,hGOS,Duodenum,Control,5179201111.1,437432480868.1,0.011840001,0.010650402
OH5C_DUO_2,Old,hGOS,Duodenum,Control,5093235781.2,400369102934,0.012721351,
OH5C_DUO_3,Old,hGOS,Duodenum,Control,4301346684,458226010069.4,0.009386954,
OH5C_DUO_4,Old,hGOS,Duodenum,Control,3914642708.3,452387088055.6,0.008653303,
OH5C_ILE_1,Old,hGOS,Ileum,Control,10717104461.8,469331778628.5,0.022834815,0.022317693
OH5C_ILE_2,Old,hGOS,Ileum,Control,11956461302.1,583066990225.7,0.020506154,
OH5C_ILE_3,Old,hGOS,Ileum,Control,9057441562.5,485829001458.3,0.018643271,
OH5C_ILE_4,Old,hGOS,Ileum,Control,10273276944.4,376496222812.5,0.027286534,
OH5C_JEJ_1,Old,hGOS,Jejunum,Control,2845256406.2,561187833715.3,0.005070061,0.006868709
OH5C_JEJ_2,Old,hGOS,Jejunum,Control,3424612326.4,568131424218.7,0.006027852,
OH5C_JEJ_3,Old,hGOS,Jejunum,Control,2820894895.8,467694797135.4,0.006031487,
OH5C_JEJ_4,Old,hGOS,Jejunum,Control,5906966232.6,570973040399.3,0.010345438,
OH5C_PC_1,Old,hGOS,Proximal Colon,Control,64583764201.4,493960705625,0.130746765,0.130553652
OH5C_PC_2,Old,hGOS,Proximal Colon,Control,55596887013.9,418880210625,0.132727414,
OH5C_PC_3,Old,hGOS,Proximal Colon,Control,82428430572.9,616203684704.9,0.133768156,
OH5C_PC_4,Old,hGOS,Proximal Colon,Control,65634949375,525196082222.2,0.124972275,
OH6C_DC_1,Old,hGOS,Distal Colon,Control,104872662118.1,370636579513.9,0.282952811,0.296284317
OH6C_DC_2,Old,hGOS,Distal Colon,Control,114242883072.9,379076862812.5,0.30137129,
OH6C_DC_3,Old,hGOS,Distal Colon,Control,126962671701.4,446782540572.9,0.284171068,
OH6C_DC_4,Old,hGOS,Distal Colon,Control,145319209809,458938374236.1,0.316642098,
OH6C_DUO_1,Old,hGOS,Duodenum,Control,3177917031.2,317846586527.8,0.009998273,0.009817876
OH6C_DUO_2,Old,hGOS,Duodenum,Control,4873422152.8,549551152239.6,0.008868005,
OH6C_DUO_3,Old,hGOS,Duodenum,Control,6558006597.2,547573669635.4,0.011976483,
OH6C_DUO_4,Old,hGOS,Duodenum,Control,4589484548.6,544504119322.9,0.008428742,
OH6C_ILE_1,Old,hGOS,Ileum,Control,43216759444.4,419102824427.1,0.103117319,0.109100592
OH6C_ILE_2,Old,hGOS,Ileum,Control,59436765086.8,531346383541.7,0.111860675,
OH6C_ILE_3,Old,hGOS,Ileum,Control,69318017725.7,585507341527.8,0.118389664,
OH6C_ILE_4,Old,hGOS,Ileum,Control,50366162708.3,488827147343.7,0.103034709,
OH6C_JEJ_1,Old,hGOS,Jejunum,Control,8257711979.2,454101634357.6,0.018184722,0.015341136
OH6C_JEJ_2,Old,hGOS,Jejunum,Control,5056553506.9,571726567118.1,0.008844356,
OH6C_JEJ_3,Old,hGOS,Jejunum,Control,12603581423.6,565897165694.4,0.022271858,
OH6C_JEJ_4,Old,hGOS,Jejunum,Control,6936590069.4,575001370156.2,0.012063606,
OH7C_DC_1,Old,hGOS,Distal Colon,Control,69570033350.7,351393506441,0.197983264,0.217312892
OH7C_DC_2,Old,hGOS,Distal Colon,Control,69805247934,323380289618.1,0.215861171,
OH7C_DC_3,Old,hGOS,Distal Colon,Control,64426394444.4,282675845937.5,0.227916164,
OH7C_DC_4,Old,hGOS,Distal Colon,Control,68658856857.6,301809152204.9,0.22749097,
OH7C_DUO_1,Old,hGOS,Duodenum,Control,3306725017.4,503310485312.5,0.006569951,0.007157913
OH7C_DUO_2,Old,hGOS,Duodenum,Control,2962583680.6,521052385312.5,0.005685769,
OH7C_DUO_3,Old,hGOS,Duodenum,Control,4047370937.5,531417227934,0.007616183,
OH7C_DUO_4,Old,hGOS,Duodenum,Control,4682450312.5,534541661649.3,0.008759748,
OH7C_JEJ_1,Old,hGOS,Jejunum,Control,2538917413.2,388757903038.2,0.006530845,0.010633636
OH7C_JEJ_2,Old,hGOS,Jejunum,Control,3339207031.2,427507265503.5,0.007810878,
OH7C_JEJ_3,Old,hGOS,Jejunum,Control,4672089670.1,395820500920.1,0.011803557,
OH7C_JEJ_4,Old,hGOS,Jejunum,Control,6246347274.3,381124349756.9,0.016389263,
OH7C_PC_1,Old,hGOS,Proximal Colon,Control,66988273281.2,388573931631.9,0.172395181,0.198204752
OH7C_PC_2,Old,hGOS,Proximal Colon,Control,65116637239.6,370542773697.9,0.175733119,
OH7C_PC_3,Old,hGOS,Proximal Colon,Control,77798903541.7,376533745138.9,0.206618675,
OH7C_PC_4,Old,hGOS,Proximal Colon,Control,88095141909.7,370035662256.9,0.238072032,
YC1C_DC_1,Young,Control,Distal Colon,Control,57699537378.5,290525012586.8,0.198604371,0.216963803
YC1C_DC_2,Young,Control,Distal Colon,Control,82693887031.2,367457822430.6,0.225043208,
YC1C_DC_3,Young,Control,Distal Colon,Control,67997455850.7,315763817395.8,0.215342772,
YC1C_DC_4,Young,Control,Distal Colon,Control,79791787100.7,348641495816,0.22886486,
YC3C_DC_1,Young,Control,Distal Colon,Control,119932555833.3,454856561163.2,0.263671157,0.281233061
YC3C_DC_2,Young,Control,Distal Colon,Control,138443383506.9,504058411684,0.274657421,
YC3C_DC_3,Young,Control,Distal Colon,Control,124014928941,433477795677.1,0.286092921,
YC3C_DC_4,Young,Control,Distal Colon,Control,154937246128.5,515579726006.9,0.300510742,
YC4C_DC_1,Young,Control,Distal Colon,Control,83848398611.1,377971634288.2,0.221837807,0.225582283
YC4C_DC_2,Young,Control,Distal Colon,Control,90605217534.7,442590120642.4,0.204715861,
YC4C_DC_3,Young,Control,Distal Colon,Control,96525904618.1,405226564097.2,0.238202312,
YC4C_DC_4,Young,Control,Distal Colon,Control,99400002812.5,418397460694.4,0.23757315,
YC5C_DC_1,Young,Control,Distal Colon,Control,67068918281.2,280440187326.4,0.239155875,0.237969117
YC5C_DC_2,Young,Control,Distal Colon,Control,55183301371.5,215881064652.8,0.255618998,
YC5C_DC_3,Young,Control,Distal Colon,Control,63391730295.1,280098006111.1,0.22631982,
YC5C_DC_4,Young,Control,Distal Colon,Control,60634119322.9,262733569513.9,0.230781774,
YC6C_DC_1,Young,Control,Distal Colon,Control,69735523611.1,396957371406.2,0.175675094,0.185514259
YC6C_DC_2,Young,Control,Distal Colon,Control,86545245816,453102532413.2,0.191005875,
YC6C_DC_3,Young,Control,Distal Colon,Control,74710312048.6,409142606892.4,0.182602131,
YC6C_DC_4,Young,Control,Distal Colon,Control,90809070173.6,471065086093.7,0.192773935,
YC6C_DUO_1,Young,Control,Duodenum,Control,6423598263.9,467028075798.6,0.013754202,0.01351866
YC6C_DUO_2,Young,Control,Duodenum,Control,8172306684,421581538107.6,0.019384878,
YC6C_DUO_3,Young,Control,Duodenum,Control,4724732934,445275207118.1,0.010610815,
YC6C_DUO_4,Young,Control,Duodenum,Control,4549162048.6,440607597725.7,0.010324747,
YC6C_ILE_1,Young,Control,Ileum,Control,3930043663.2,362573199583.3,0.010839311,0.010238875
YC6C_ILE_2,Young,Control,Ileum,Control,3960005520.8,331765409496.5,0.011936162,
YC6C_ILE_3,Young,Control,Ileum,Control,3439733263.9,368171866701.4,0.009342738,
YC6C_ILE_4,Young,Control,Ileum,Control,2872138072.9,325002150173.6,0.008837289,
YC6C_JEJ_1,Young,Control,Jejunum,Control,2744170138.9,450335120833.3,0.006093618,0.00698525
YC6C_JEJ_2,Young,Control,Jejunum,Control,3393530399.3,456634391388.9,0.007431614,
YC6C_JEJ_3,Young,Control,Jejunum,Control,2870737986.1,390291838142.4,0.007355363,
YC6C_JEJ_4,Young,Control,Jejunum,Control,3353487916.7,474971048263.9,0.007060405,
YC6C_PC_1,Young,Control,Proximal Colon,Control,66623970694.4,437354916059,0.152333879,0.162188635
YC6C_PC_2,Young,Control,Proximal Colon,Control,86115699184,537336794947.9,0.160263916,
YC6C_PC_3,Young,Control,Proximal Colon,Control,61823353055.6,369837689982.6,0.167163474,
YC6C_PC_4,Young,Control,Proximal Colon,Control,97766661545.1,578523988559,0.168993272,
YC7C_DC_1,Young,Control,Distal Colon,Control,67470183159.7,471813292482.6,0.14300187,0.155989493
YC7C_DC_2,Young,Control,Distal Colon,Control,83114473107.6,529198370364.6,0.157057311,
YC7C_DC_3,Young,Control,Distal Colon,Control,76693675017.4,510061423871.5,0.150361646,
YC7C_DC_4,Young,Control,Distal Colon,Control,69127045885.4,398341497222.2,0.173537144,
YC7C_DUO_1,Young,Control,Duodenum,Control,12225557986.1,398188607743.1,0.030702933,0.018724349
YC7C_DUO_2,Young,Control,Duodenum,Control,10749866493.1,453063890017.4,0.023727043,
YC7C_DUO_3,Young,Control,Duodenum,Control,4551682204.9,401446049704.9,0.011338216,
YC7C_DUO_4,Young,Control,Duodenum,Control,4165258246.5,456256367951.4,0.009129206,
YC7C_ILE_1,Young,Control,Ileum,Control,11333702691,378584032256.9,0.029937086,0.022259426
YC7C_ILE_2,Young,Control,Ileum,Control,9480547795.1,387600871302.1,0.024459563,
YC7C_ILE_3,Young,Control,Ileum,Control,9813768454.9,494193960086.8,0.019858131,
YC7C_ILE_4,Young,Control,Ileum,Control,6687934652.8,452409489444.4,0.014782923,
YC7C_JEJ_1,Young,Control,Jejunum,Control,7350735746.5,426467281024.3,0.017236342,0.015195611
YC7C_JEJ_2,Young,Control,Jejunum,Control,8155225625,464712612239.6,0.017548966,
YC7C_JEJ_3,Young,Control,Jejunum,Control,5887645034.7,418338097013.9,0.014073892,
YC7C_JEJ_4,Young,Control,Jejunum,Control,5591386666.7,468948434861.1,0.011923244,
YC7C_PC_1,Young,Control,Proximal Colon,Control,69332858645.8,431369264947.9,0.160727396,0.144693757
YC7C_PC_2,Young,Control,Proximal Colon,Control,79166508333.3,512631423211.8,0.154431634,
YC7C_PC_3,Young,Control,Proximal Colon,Control,56643031875,395288467934,0.143295432,
YC7C_PC_4,Young,Control,Proximal Colon,Control,60012760798.6,498773924045.1,0.120320566,
YG1C_DC_1,Young,GOS,Distal Colon,Control,57534887170.1,356336932934,0.161462037,0.175492906
YG1C_DC_2,Young,GOS,Distal Colon,Control,55921987170.1,313477755659.7,0.178392202,
YG1C_DC_3,Young,GOS,Distal Colon,Control,69890373211.8,368290314045.1,0.189769784,
YG1C_DC_4,Young,GOS,Distal Colon,Control,65817520694.4,381888237118.1,0.172347599,
YG2C_DC_1,Young,GOS,Distal Colon,Control,50124787743.1,337704017691,0.148428165,0.156686386
YG2C_DC_2,Young,GOS,Distal Colon,Control,52161073993.1,362534277170.1,0.143879013,
YG2C_DC_3,Young,GOS,Distal Colon,Control,46047734965.3,277951673038.2,0.165668134,
YG2C_DC_4,Young,GOS,Distal Colon,Control,51297220434,303947084756.9,0.168770233,
YG5C_DC_1,Young,GOS,Distal Colon,Control,105979850763.9,349008598576.4,0.303659713,0.30163982
YG5C_DC_2,Young,GOS,Distal Colon,Control,111887097013.9,403176276979.2,0.277514089,
YG5C_DC_3,Young,GOS,Distal Colon,Control,96893007378.5,334370411006.9,0.289777457,
YG5C_DC_4,Young,GOS,Distal Colon,Control,156896247586.8,467498504965.3,0.33560802,
YG6C_DC_1,Young,GOS,Distal Colon,Control,56486782187.5,312398288732.6,0.180816554,0.186551861
YG6C_DC_2,Young,GOS,Distal Colon,Control,73007246458.3,371851854861.1,0.196334227,
YG6C_DC_3,Young,GOS,Distal Colon,Control,70163670156.2,373172696753.5,0.188019303,
YG6C_DC_4,Young,GOS,Distal Colon,Control,93123693680.6,514389372204.9,0.181037359,
YG6C_DUO_1,Young,GOS,Duodenum,Control,13371389027.8,448215949444.4,0.02983247,0.026384023
YG6C_DUO_2,Young,GOS,Duodenum,Control,16330892517.4,513134334392.4,0.031825765,
YG6C_DUO_3,Young,GOS,Duodenum,Control,13986307152.8,540029441892.4,0.025899157,
YG6C_DUO_4,Young,GOS,Duodenum,Control,9162448072.9,509627956996.5,0.0179787,
YG6C_ILE_1,Young,GOS,Ileum,Control,76726717066,354905484184,0.216189156,0.214781316
YG6C_ILE_2,Young,GOS,Ileum,Control,116823523072.9,490295838402.8,0.238271496,
YG6C_ILE_3,Young,GOS,Ileum,Control,120497910885.4,497969434166.7,0.241978528,
YG6C_ILE_4,Young,GOS,Ileum,Control,81246757309,499408163368.1,0.162686082,
YG6C_JEJ_1,Young,GOS,Jejunum,Control,6500323020.8,395924667378.5,0.01641808,0.028087364
YG6C_JEJ_2,Young,GOS,Jejunum,Control,14618306336.8,449594194895.8,0.032514446,
YG6C_JEJ_3,Young,GOS,Jejunum,Control,12799873593.8,403611143941,0.03171338,
YG6C_JEJ_4,Young,GOS,Jejunum,Control,13264142378.5,418380379635.4,0.031703548,
YG6C_PC_1,Young,GOS,Proximal Colon,Control,65924207309,514430534756.9,0.128149872,0.152907683
YG6C_PC_2,Young,GOS,Proximal Colon,Control,61095867951.4,402074968697.9,0.151951434,
YG6C_PC_3,Young,GOS,Proximal Colon,Control,83804435885.4,473832777691,0.176865004,
YG6C_PC_4,Young,GOS,Proximal Colon,Control,71834533750,464454156215.3,0.154664422,
YG7C_DC_1,Young,GOS,Distal Colon,Control,19948436805.6,133264462413.2,0.149690596,0.147797249
YG7C_DC_2,Young,GOS,Distal Colon,Control,65232004392.4,413411751579.9,0.157789429,
YG7C_DC_3,Young,GOS,Distal Colon,Control,64058171614.6,438667917465.3,0.14602885,
YG7C_DC_4,Young,GOS,Distal Colon,Control,60532753038.2,439662259114.6,0.137680121,
YG7C_DUO_1,Young,GOS,Duodenum,Control,12084429236.1,3.27061E+11,0.036948567,0.042513594
YG7C_DUO_2,Young,GOS,Duodenum,Control,34047590954.9,469559992777.8,0.072509565,
YG7C_DUO_3,Young,GOS,Duodenum,Control,15178901093.7,390916556875,0.038829005,
YG7C_DUO_4,Young,GOS,Duodenum,Control,8165026232.6,375106216631.9,0.021767238,
YG7C_ILE_1,Young,GOS,Ileum,Control,56037074305.6,444590844687.5,0.126041899,0.088704208
YG7C_ILE_2,Young,GOS,Ileum,Control,70212953211.8,506495962812.5,0.138624902,
YG7C_ILE_3,Young,GOS,Ileum,Control,20746486284.7,405620268506.9,0.051147558,
YG7C_ILE_4,Young,GOS,Ileum,Control,14404653090.3,369326658298.6,0.039002473,
YG7C_JEJ_1,Young,GOS,Jejunum,Control,8625094756.9,503848678680.6,0.017118423,0.013602388
YG7C_JEJ_2,Young,GOS,Jejunum,Control,10736985694.4,563203398680.6,0.019064135,
YG7C_JEJ_3,Young,GOS,Jejunum,Control,5072794513.9,510270036805.6,0.009941392,
YG7C_JEJ_4,Young,GOS,Jejunum,Control,4117375277.8,496931409809,0.008285601,
YG7C_PC_1,Young,GOS,Proximal Colon,Control,36956971336.8,203703669652.8,0.181425162,0.15023886
YG7C_PC_2,Young,GOS,Proximal Colon,Control,59412683593.7,401513253871.5,0.147971911,
YG7C_PC_3,Young,GOS,Proximal Colon,Control,52212597187.5,401993763663.2,0.129884097,
YG7C_PC_4,Young,GOS,Proximal Colon,Control,66496282777.8,469360340399.3,0.141674268,
YG8C_DC_1,Young,GOS,Distal Colon,Control,79654018559,411052045277.8,0.193780859,0.169517496
YG8C_DC_2,Young,GOS,Distal Colon,Control,87843406302.1,498618514409.7,0.176173575,
YG8C_DC_3,Young,GOS,Distal Colon,Control,66252947691,429555592500,0.154236026,
YG8C_DC_4,Young,GOS,Distal Colon,Control,64660768975.7,420203852691,0.153879524,
YG8C_DUO_1,Young,GOS,Duodenum,Control,5895765538.2,369717282517.4,0.015946686,0.010519101
YG8C_DUO_2,Young,GOS,Duodenum,Control,4694211041.7,434810958333.3,0.010795981,
YG8C_DUO_3,Young,GOS,Duodenum,Control,3786674774.3,455838022013.9,0.008307062,
YG8C_DUO_4,Young,GOS,Duodenum,Control,3005146319.4,427676956024.3,0.007026673,
YG8C_ILE_1,Young,GOS,Ileum,Control,9952377048.6,426813662500,0.02331785,0.020914596
YG8C_ILE_2,Young,GOS,Ileum,Control,9705121718.8,452804593941,0.021433355,
YG8C_ILE_3,Young,GOS,Ileum,Control,9344739375,393111332951.4,0.023771229,
YG8C_ILE_4,Young,GOS,Ileum,Control,6060135729.2,400380303628.5,0.015135949,
YG8C_JEJ_1,Young,GOS,Jejunum,Control,18911812534.7,256512983836.8,0.073726531,0.048935597
YG8C_JEJ_2,Young,GOS,Jejunum,Control,26299510572.9,437748340451.4,0.060079064,
YG8C_JEJ_3,Young,GOS,Jejunum,Control,15958749444.4,452280961475.7,0.035285035,
YG8C_JEJ_4,Young,GOS,Jejunum,Control,14969448107.6,561668343506.9,0.026651757,
YG8C_PC_1,Young,GOS,Proximal Colon,Control,32286001736.1,208420282083.3,0.154908157,0.15076556
YG8C_PC_2,Young,GOS,Proximal Colon,Control,70506131388.9,485577265850.7,0.145200643,
YG8C_PC_3,Young,GOS,Proximal Colon,Control,70243755121.5,451851134826.4,0.155457738,
YG8C_PC_4,Young,GOS,Proximal Colon,Control,68125143767.4,461878836545.1,0.147495703,
YG9C_DC_1,Young,GOS,Distal Colon,Control,29590274600.7,178600953281.2,0.165678145,0.1864621
YG9C_DC_2,Young,GOS,Distal Colon,Control,76287369826.4,440230414340.3,0.17328964,
YG9C_DC_3,Young,GOS,Distal Colon,Control,79823989097.2,410046782951.4,0.194670444,
YG9C_DC_4,Young,GOS,Distal Colon,Control,90562374878.5,426757939045.1,0.21221017,
YG9C_DUO_1,Young,GOS,Duodenum,Control,9017679097.2,461506413454.9,0.019539661,0.022450783
YG9C_DUO_2,Young,GOS,Duodenum,Control,14598145086.8,540360982447.9,0.027015543,
YG9C_DUO_3,Young,GOS,Duodenum,Control,8671577638.9,470901555954.9,0.018414842,
YG9C_DUO_4,Young,GOS,Duodenum,Control,11674203802.1,470106866684,0.024833085,
YG9C_ILE_1,Young,GOS,Ileum,Control,1939680260.4,160617398298.6,0.012076402,0.009966462
YG9C_ILE_2,Young,GOS,Ileum,Control,4551402187.5,436215245399.3,0.010433845,
YG9C_ILE_3,Young,GOS,Ileum,Control,3588422482.6,422073808628.5,0.008501884,
YG9C_ILE_4,Young,GOS,Ileum,Control,3765113437.5,425257886041.7,0.008853718,
YG9C_JEJ_1,Young,GOS,Jejunum,Control,2652884479.2,450724344965.3,0.005885825,0.006686069
YG9C_JEJ_2,Young,GOS,Jejunum,Control,2966223906.2,394243163125,0.007523844,
YG9C_JEJ_3,Young,GOS,Jejunum,Control,2568879270.8,432468053072.9,0.005940044,
YG9C_JEJ_4,Young,GOS,Jejunum,Control,3261362204.9,441048625069.4,0.007394564,
YG9C_PC_1,Young,GOS,Proximal Colon,Control,87996575798.6,408458244461.8,0.215435915,0.225008
YG9C_PC_2,Young,GOS,Proximal Colon,Control,86293230191,364458276458.3,0.236771218,
YG9C_PC_3,Young,GOS,Proximal Colon,Control,88451884027.8,411613200069.4,0.214890786,
YG9C_PC_4,Young,GOS,Proximal Colon,Control,102323944097.2,439282835590.3,0.232934082,
YH1C_DC_1,Young,hGOS,Distal Colon,Control,39767785607.6,317853866979.2,0.125113424,0.114352414
YH1C_DC_2,Young,hGOS,Distal Colon,Control,43115113142.4,338058519670.1,0.127537425,
YH1C_DC_3,Young,hGOS,Distal Colon,Control,36504183263.9,317268350677.1,0.115057752,
YH1C_DC_4,Young,hGOS,Distal Colon,Control,23551980225.7,262560798802.1,0.089701053,
YH3C_DC_1,Young,hGOS,Distal Colon,Control,60769087691,369416823888.9,0.164500055,0.195748699
YH3C_DC_2,Young,hGOS,Distal Colon,Control,59139106631.9,346889987222.2,0.170483752,
YH3C_DC_3,Young,hGOS,Distal Colon,Control,80486790191,371414747760.4,0.21670327,
YH3C_DC_4,Young,hGOS,Distal Colon,Control,87962693697.9,380284297673.6,0.23130772,
YH4C_DC_1,Young,hGOS,Distal Colon,Control,90384003819.4,463261562274.3,0.195103611,0.208548584
YH4C_DC_2,Young,hGOS,Distal Colon,Control,107022355399.3,492397648715.3,0.217349444,
YH4C_DC_3,Young,hGOS,Distal Colon,Control,97445481631.9,472266360572.9,0.206335851,
YH4C_DC_4,Young,hGOS,Distal Colon,Control,102045886857.6,473738691857.6,0.21540543,
YH5C_DC_1,Young,hGOS,Distal Colon,Control,90873754184,513449353923.6,0.176986792,0.212810481
YH5C_DC_2,Young,hGOS,Distal Colon,Control,113469195104.2,573317065729.2,0.197917002,
YH5C_DC_3,Young,hGOS,Distal Colon,Control,92701987534.7,396323132083.3,0.233905064,
YH5C_DC_4,Young,hGOS,Distal Colon,Control,89529390833.3,369295296354.2,0.242433066,
YH5C_DUO_1,Young,hGOS,Duodenum,Control,4714372291.7,248819226822.9,0.018946977,0.013401376
YH5C_DUO_2,Young,hGOS,Duodenum,Control,3905402135.4,418160285989.6,0.009339486,
YH5C_DUO_3,Young,hGOS,Duodenum,Control,5793839218.8,504035450260.4,0.011494904,
YH5C_DUO_4,Young,hGOS,Duodenum,Control,5627788923.6,407098760173.6,0.013824137,
YH5C_ILE_1,Young,hGOS,Ileum,Control,205030111892.4,589386142013.9,0.347870602,0.337306782
YH5C_ILE_2,Young,hGOS,Ileum,Control,196028113767.4,536970532239.6,0.365063075,
YH5C_ILE_3,Young,hGOS,Ileum,Control,151713966284.7,429237212760.4,0.353450171,
YH5C_ILE_4,Young,hGOS,Ileum,Control,118168726475.7,417788702951.4,0.282843279,
YH5C_JEJ_1,Young,hGOS,Jejunum,Control,5854322968.8,439968038072.9,0.013306246,0.017353919
YH5C_JEJ_2,Young,hGOS,Jejunum,Control,7288571892.4,487051557256.9,0.014964682,
YH5C_JEJ_3,Young,hGOS,Jejunum,Control,12620942500,491216535486.1,0.025693236,
YH5C_JEJ_4,Young,hGOS,Jejunum,Control,7775522083.3,503220879756.9,0.015451509,
YH5C_PC_1,Young,hGOS,Proximal Colon,Control,71875976319.4,431358344270.8,0.166627068,0.174684302
YH5C_PC_2,Young,hGOS,Proximal Colon,Control,76598749131.9,476438059218.7,0.160773783,
YH5C_PC_3,Young,hGOS,Proximal Colon,Control,89326098229.2,492534297187.5,0.181360159,
YH5C_PC_4,Young,hGOS,Proximal Colon,Control,91813772465.3,483290924097.2,0.189976198,
YH6C_DC_1,Young,hGOS,Distal Colon,Control,72576859774.3,439290676076.4,0.16521375,0.176585544
YH6C_DC_2,Young,hGOS,Distal Colon,Control,49558032604.2,338781804513.9,0.146283041,
YH6C_DC_3,Young,hGOS,Distal Colon,Control,64561082795.1,358456384340.3,0.180108615,
YH6C_DC_4,Young,hGOS,Distal Colon,Control,75614768125,352127711961.8,0.214736772,
YH6C_DUO_1,Young,hGOS,Duodenum,Control,4665369253.5,414151837465.3,0.011264876,0.009711246
YH6C_DUO_2,Young,hGOS,Duodenum,Control,3024187500,360527952777.8,0.008388219,
YH6C_DUO_3,Young,hGOS,Duodenum,Control,3811876336.8,425252565711.8,0.008963794,
YH6C_DUO_4,Young,hGOS,Duodenum,Control,3172876718.8,310211913177.1,0.010228094,
YH6C_ILE_1,Young,hGOS,Ileum,Control,9749364461.8,493089011579.9,0.019772017,0.025120912
YH6C_ILE_2,Young,hGOS,Ileum,Control,8702939583.3,353854299010.4,0.024594698,
YH6C_ILE_3,Young,hGOS,Ileum,Control,12623182638.9,465874404270.8,0.027095678,
YH6C_ILE_4,Young,hGOS,Ileum,Control,13587002395.8,468174186857.6,0.029021255,
YH6C_JEJ_1,Young,hGOS,Jejunum,Control,3697909270.8,315897665694.4,0.011706035,0.010963561
YH6C_JEJ_2,Young,hGOS,Jejunum,Control,4157137743.1,447641353819.4,0.00928676,
YH6C_JEJ_3,Young,hGOS,Jejunum,Control,4895543524.3,421261198246.5,0.011621159,
YH6C_JEJ_4,Young,hGOS,Jejunum,Control,4756094878.5,423129194062.5,0.01124029,
YH6C_PC_1,Young,hGOS,Proximal Colon,Control,39682660329.9,282206816857.6,0.140615527,0.144814226
YH6C_PC_2,Young,hGOS,Proximal Colon,Control,34490018385.4,230539413472.2,0.149605735,
YH6C_PC_3,Young,hGOS,Proximal Colon,Control,39096864010.4,285577665850.7,0.136904488,
YH6C_PC_4,Young,hGOS,Proximal Colon,Control,43705669756.9,287289411979.2,0.152131154,
YH7C_DC_1,Young,hGOS,Distal Colon,Control,42553958350.7,199632777256.9,0.21316118,0.191028294
YH7C_DC_2,Young,hGOS,Distal Colon,Control,74165678281.2,376019913281.2,0.197238698,
YH7C_DC_3,Young,hGOS,Distal Colon,Control,56828123350.7,318863049548.6,0.1782211,
YH7C_DC_4,Young,hGOS,Distal Colon,Control,64159537899.3,365597667100.7,0.175492197,
YH7C_DUO_1,Young,hGOS,Duodenum,Control,4662009045.1,359531370989.6,0.012966905,0.009801309
YH7C_DUO_2,Young,hGOS,Duodenum,Control,4625046753.5,430515211996.5,0.010743051,
YH7C_DUO_3,Young,hGOS,Duodenum,Control,4035610208.3,418848288645.8,0.009635017,
YH7C_DUO_4,Young,hGOS,Duodenum,Control,2436431059,415754376822.9,0.005860266,
YH7C_ILE_1,Young,hGOS,Ileum,Control,7869047881.9,549494868750,0.014320512,0.017301004
YH7C_ILE_2,Young,hGOS,Ileum,Control,7633833298.6,516216205468.7,0.014788054,
YH7C_ILE_3,Young,hGOS,Ileum,Control,12545057795.1,558403061059,0.022465955,
YH7C_ILE_4,Young,hGOS,Ileum,Control,9957417361.1,564815738645.8,0.017629497,
YH7C_JEJ_1,Young,hGOS,Jejunum,Control,3170076545.1,290984521076.4,0.010894313,0.009644151
YH7C_JEJ_2,Young,hGOS,Jejunum,Control,4173378750,565357292222.2,0.007381843,
YH7C_JEJ_3,Young,hGOS,Jejunum,Control,5318089722.2,574878162517.4,0.009250812,
YH7C_JEJ_4,Young,hGOS,Jejunum,Control,5124877743.1,463805075972.2,0.011049637,
YH7C_PC_1,Young,hGOS,Proximal Colon,Control,51547835972.2,187823885104.2,0.274447714,0.261202068
YH7C_PC_2,Young,hGOS,Proximal Colon,Control,121022383402.8,482240018941,0.250958814,
YH7C_PC_3,Young,hGOS,Proximal Colon,Control,108572251493.1,422970704236.1,0.256689767,
YH7C_PC_4,Young,hGOS,Proximal Colon,Control,123719790642.4,470933197916.7,0.262711975,
,,,,,,,,
,,,,,,,,
,,,,,,,,
,,,,,,,,
,,,,,,,,
,,,,,,,,
,,,,,,,,
